
INSERT INTO users (username, password, first_name, last_name, image_url, hobbies, interests, location, friend_radius)
VALUES ('user1',
        '$2b$12$AZH7virni5jlTTiGgEg4zu3lSvAw68qVEfSIOjJ3RqtbJbdW/Oi5q',
        'User',
        'One',
        'https://express-friender-mj.s3.us-west-1.amazonaws.com/default-friender-image.jpg',
        'fishing, bike riding',
        'music, sports',
        '94533',
        50),
       ('user2',
        '$2b$12$AZH7virni5jlTTiGgEg4zu3lSvAw68qVEfSIOjJ3RqtbJbdW/Oi5q',
        'User',
        'Two',
        'https://express-friender-mj.s3.us-west-1.amazonaws.com/default-friender-image.jpg',
        'fishing, jogging',
        'movies, sports',
        '90020',
        50),
       ('user3',
        '$2b$12$AZH7virni5jlTTiGgEg4zu3lSvAw68qVEfSIOjJ3RqtbJbdW/Oi5q',
        'User',
        'Three',
        'https://express-friender-mj.s3.us-west-1.amazonaws.com/default-friender-image.jpg',
        'skiing, dancing',
        'music, TV',
        '91710',
        50),
       ('user4',
        '$2b$12$AZH7virni5jlTTiGgEg4zu3lSvAw68qVEfSIOjJ3RqtbJbdW/Oi5q',
        'User',
        'Four',
        'https://express-friender-mj.s3.us-west-1.amazonaws.com/default-friender-image.jpg',
        'hiking, swimming',
        'history, art',
        '94510',
        50),
       ('user5',
        '$2b$12$AZH7virni5jlTTiGgEg4zu3lSvAw68qVEfSIOjJ3RqtbJbdW/Oi5q',
        'User',
        'Five',
        'https://express-friender-mj.s3.us-west-1.amazonaws.com/default-friender-image.jpg',
        'nothing',
        'My couch',
        '90620',
        50);

INSERT INTO viewed_users (viewing_username, viewed_username, liked)
VALUES ('user2',
        'user3',
        'true'),
        ('user3',
        'user2',
        'true'),
        ('user2',
        'user5',
        'true'),
        ('user5',
        'user2',
        'false'),
        ('user3',
        'user5',
        'true'),
        ('user5',
        'user3',
        'true');

INSERT INTO friends (username1, username2)
VALUES ('user3', 'user2'), ('user5', 'user3');
